Name,Bin Number,Preferred Bin,Product Class
BULK-CS-GFR4-41,05-21-2154-DY,Yes,Converted
BULK-CS-GFR4-41,Receiving-SW,Yes,Converted
BULK-CS-GG10-41,V4L2-SW,Yes,Converted
BULK-CS-GG10-41,19-38-3822-DY,Yes,Converted
BULK-CS-GXX-41,Receiving-SW,Yes,Converted
BULK-CS-GXX-41,05-34-3412-DY,Yes,Converted
BULK-FG-1472,QC-SW,Yes,Converted
BULK-FG-1472,FREIGHT-DY,Yes,Converted
BULK-FG-259,01-24-2412-DY,Yes,Converted
BULK-FG-259,Receiving-SW,Yes,Converted
BULK-FG-57,Receiving-SW,Yes,Converted
BULK-FG-57,01-24-2433-DY,Yes,Converted
BULK-FG-619,12-24-2422-DY,Yes,Converted
BULK-FG-619,GBO Shelf-SW,No,Converted
BULK-FG-6218,09-12-1217-DY,Yes,Converted
BULK-FG-6218,GBO Shelf-SW,Yes,Converted
BULK-PD-125,CC8LG-SW,Yes,Converted
BULK-PD-125,FREIGHT-SW,No,Converted
BULK-PD-243,CC8L2-SW,No,Converted
BULK-PD-243,DD4L2-SW,Yes,Converted
BULK-PD-401,XVERT-SW,Yes,Converted
BULK-PD-401,FREIGHT-SW,No,Converted
BULK-PD-590,C8GB-SW,No,Converted
BULK-PD-590,CC5L5-SW,Yes,Converted
BULK-PD-PC-17,11-40-4009-DY,Yes,Converted
BULK-PD-PC-17,Receiving-SW,Yes,Converted
BULK-PF-LDPE-27,FREIGHT-DY,Yes,Pass Through
BULK-PF-LDPE-27,M4LG-SW,Yes,Pass Through
BULK-PF-PC-41,U5L4-SW,Yes,Converted
BULK-PF-PC-41,FREIGHT-DY,Yes,Converted
BULK-PF-PET-1,NEAR SHELVING-DY,Yes,Parent
BULK-PF-PET-1,F4LGB-SW,Yes,Parent
BULK-PF-PET-2,NEAR SHELVING-DY,No,Parent
BULK-PF-PET-2,F4LGB-SW,Yes,Parent
BULK-PF-PET-3,NEAR SHELVING-DY,No,Parent
BULK-PF-PET-3,F4LGB-SW,Yes,Parent
BULK-PF-PET-4,NEAR SHELVING-DY,No,Parent
BULK-PF-PET-4,F4LGB-SW,Yes,Parent
BULK-PF-PET-5,NEAR SHELVING-DY,No,Parent
BULK-PF-PET-5,F4LGB-SW,Yes,Parent
BULK-PF-PET-6,F4LGB-SW,Yes,Parent
BULK-PF-PET-6,NEAR SHELVING-DY,Yes,Parent
BULK-PF-PET-7,NEAR SHELVING-DY,Yes,Parent
BULK-PF-PET-7,F4LGB-SW,Yes,Parent
BULK-PF-PET-8,NEAR SHELVING-DY,Yes,Parent
BULK-PF-PET-8,F4LGB-SW,Yes,Parent
BULK-PL-4,CC2LG-SW,Yes,Converted
BULK-PL-4,CC1LG-SW,No,Converted
BULK-PR-ABS-145,W3L1-SW,Yes,Converted
BULK-PR-ABS-145,07-39-3910-DY,Yes,Converted
BULK-PR-AC-185,FREIGHT-DY,Yes,Converted
BULK-PR-AC-185,QC-SW,Yes,Converted
BULK-PR-AC-241,FREIGHT-DY,Yes,Converted
BULK-PR-AC-241,QC-SW,Yes,Converted
BULK-PR-NYL-125,S12L3-SW,Yes,Converted
BULK-PR-NYL-125,19-38-3804-DY,Yes,Converted
BULK-PR-PTFE-92,O1L4-SW,Yes,Converted
BULK-PR-PTFE-92,S9L8-SW,No,Converted
BULK-PS-AC-259,S9L6-SW,Yes,Converted
BULK-PS-AC-259,FREIGHT-DY,Yes,Converted
BULK-PS-ACB-1,Receiving-SW,Yes,Converted
BULK-PS-ACB-1,03-01-124-DY,Yes,Converted
BULK-PS-ACB-266,U5L1-SW,Yes,Converted
BULK-PS-ACB-266,09-05-541-DY,Yes,Converted
BULK-PS-ACB-375,W5L7-SW,Yes,Converted
BULK-PS-ACB-375,FREIGHT-DY,Yes,Converted
BULK-PS-ACB-376,X3L3-SW,Yes,Converted
BULK-PS-ACB-376,FREIGHT-DY,Yes,Converted
BULK-PS-ACR-1,Side Wall-DY,Yes,Parent
BULK-PS-ACR-1,FREIGHT-SW,Yes,Parent
BULK-PS-ACR-2,FREIGHT-SW,Yes,Parent
BULK-PS-ACR-2,FREIGHT-DY,Yes,Parent
BULK-PS-ACR-3,FREIGHT-SW,Yes,Parent
BULK-PS-ACR-3,FREIGHT-DY,Yes,Parent
BULK-PS-ACR-9,W6L5-SW,Yes,Converted
BULK-PS-ACR-9,19-37-3719-DY,Yes,Converted
BULK-PS-CAC-38,Q3LGB-SW,No,Converted
BULK-PS-CAC-38,Q4LG-SW,Yes,Converted
BULK-PS-CAC-4,FREIGHT-SW,Yes,Parent
BULK-PS-CAC-4,FREIGHT-DY,No,Parent
BULK-PS-CAC-461,CC8LG-SW,No,Converted
BULK-PS-CAC-461,XVERT-SW,Yes,Converted
BULK-PS-CAC-5,FREIGHT-SW,Yes,Parent
BULK-PS-CAC-5,FREIGHT-DY,No,Parent
BULK-PS-CAC-50,K10LGB-SW,No,Converted
BULK-PS-CAC-50,K10LGA-SW,No,Converted
BULK-PS-CAC-50,Z1LG-SW,Yes,Converted
BULK-PS-CAC-63,17-04-418-DY,Yes,Converted
BULK-PS-CAC-63,W4L5-SW,No,Converted
BULK-PS-NYL-11,J3L1-SW,No,Parent
BULK-PS-NYL-11,G8LGA-SW,Yes,Parent
BULK-PS-PC-3,FREIGHT-SW,Yes,Parent
BULK-PS-PC-3,FREIGHT-DY,No,Parent
BULK-PS-PC-39,TRAILER 6-SW,Yes,Converted
BULK-PS-PC-39,Q2L4-SW,No,Converted
BULK-PS-PC-396,DD2LG-SW,Yes,Converted
BULK-PS-PC-396,DD5L2-SW,No,Converted
BULK-PS-PC-4,FREIGHT-SW,Yes,Parent
BULK-PS-PC-4,FREIGHT-DY,Yes,Parent
BULK-PS-PC-41,TRAILER 6-SW,No,Converted
BULK-PS-PC-41,Q2L4-SW,No,Converted
BULK-PS-PC-455,10-10C-C04-DY,Yes,Converted
BULK-PS-PC-455,Receiving-SW,Yes,Converted
BULK-PS-PC-5,FREIGHT-SW,Yes,Parent
BULK-PS-PC-5,FREIGHT-DY,Yes,Parent
BULK-PS-PC-53,K10LGB-SW,No,Converted
BULK-PS-PC-53,K10LGA-SW,No,Converted
BULK-PS-PC-53,CC8L6-SW,Yes,Converted
BULK-PS-PC-580,GBO Shelf-SW,No,Converted
BULK-PS-PC-580,CC2L3-SW,No,Converted
BULK-PS-PC-588,GBO Shelf-SW,No,Converted
BULK-PS-PC-588,QC-SW,No,Converted
BULK-PS-PC-611,QC-SW,No,Converted
BULK-PS-PC-611,GBO Shelf-SW,No,Converted
BULK-PS-PC-616,GBO Shelf-SW,No,Converted
BULK-PS-PC-616,QC-SW,No,Converted
BULK-PS-PC-627,GBO Shelf-SW,No,Converted
BULK-PS-PC-627,QC-SW,No,Converted
BULK-PS-PC-7,FREIGHT-DY,Yes,Parent
BULK-PS-PC-7,FREIGHT-SW,Yes,Parent
BULK-PS-PC-88,V6LG-SW,No,Converted
BULK-PS-PC-88,Y1LG-SW,Yes,Converted
BULK-PS-PE-213,S11L3-SW,Yes,Converted
BULK-PS-PE-213,U4L3-SW,No,Converted
BULK-PS-PE-493,DD3LG-SW,No,Converted
BULK-PS-PE-493,S7LG-SW,Yes,Converted
BULK-PS-PE-88,10-16-1618-DY,Yes,Converted
BULK-PS-PE-88,Receiving-SW,Yes,Converted
BULK-PS-PP-357,J3LG-SW,Yes,Parent
BULK-PS-PP-357,Q2L3-SW,No,Parent
BULK-PS-PTFE-26,U7L6-SW,Yes,Converted
BULK-PS-PTFE-26,V3LG-SW,No,Converted
BULK-PS-PTFE-961,S6L5-SW,No,Parent
BULK-PS-PTFE-961,J1L5-SW,Yes,Parent
BULK-PS-PVC-338,S8L6-SW,No,Converted
BULK-PS-PVC-338,V4L2-SW,Yes,Converted
BULK-PS-PVC-6,K8L2-SW,Yes,Parent
BULK-PS-PVC-6,DD4L3-SW,No,Parent
BULK-PS-UHMW-28,V7LG-SW,No,Converted
BULK-PS-UHMW-28,W8LG-SW,No,Converted
BULK-PS-UHMW-295,FREIGHT-DY,Yes,Converted
BULK-PS-UHMW-295,X3L3-SW,Yes,Converted
BULK-PS-UHMW-536,K9LG-SW,No,Parent
BULK-PS-UHMW-536,DD5LG-SW,No,Parent
BULK-PS-UHMW-537,DD5LG-SW,No,Parent
BULK-PS-UHMW-537,P6LG-SW,No,Parent
BULK-PS-UHMW-538,K9L2-SW,Yes,Parent
BULK-PS-UHMW-538,DD4LG-SW,No,Parent
BULK-PS-UHMW-62,T6L1-SW,Yes,Converted
BULK-PS-UHMW-62,19-37-3720-DY,Yes,Converted
BULK-PS-UHMW-72,08-08H-H19-DY,Yes,Converted
BULK-PS-UHMW-72,W6L2-SW,No,Converted
BULK-PS-UHMW-900,XVERT-SW,No,Converted
BULK-PS-UHMW-900,DD1L2-SW,No,Converted
BULK-PS-UHMW-937,BB2L1-SW,Yes,Converted
BULK-PS-UHMW-937,FREIGHT-DY,Yes,Converted
BULK-PS-UHMWB-17,WV4LG-SW,No,Converted
BULK-PS-UHMWB-17,Y4L4-SW,No,Converted
BULK-RS-BHS50-203,D5L5B-SW,No,Converted
BULK-RS-BHS50-203,D5L4A-SW,No,Converted
BULK-RS-BHS50-210,D5L4A-SW,No,Converted
BULK-RS-BHS50-210,D5L5B-SW,No,Converted
BULK-RS-BHS50-245,D4L1A-SW,No,Converted
BULK-RS-BHS50-245,D6L2B-SW,No,Converted
BULK-RS-BHS50-324,D4L1A-SW,No,Converted
BULK-RS-BHS50-324,D6L2B-SW,No,Converted
BULK-RS-BHS60-203,D5L1B-SW,No,Converted
BULK-RS-BHS60-203,D5L3B-SW,No,Converted
BULK-RS-BHS60-22,GBO Shelf-SW,Yes,Converted
BULK-RS-BHS60-22,15-22-2209-DY,Yes,Converted
BULK-RS-BHS60-220,D5L2A-SW,No,Parent
BULK-RS-BHS60-220,D5L2B-SW,No,Parent
BULK-RS-BHS60-23,Receiving-SW,Yes,Converted
BULK-RS-BHS60-23,16-05-521-DY,Yes,Converted
BULK-RS-BHS60-325,D5L2A-SW,No,Converted
BULK-RS-BHS60-325,D5L2B-SW,No,Converted
BULK-RS-BHS70-150,Receiving-SW,Yes,Converted
BULK-RS-BHS70-150,17-16-1622-DY,Yes,Converted
BULK-RS-BHS70-203,D5L3A-SW,No,Converted
BULK-RS-BHS70-203,D5L3B-SW,No,Converted
BULK-RS-BHS70-206,E6L1B-SW,No,Converted
BULK-RS-BHS70-206,D6L2A-SW,No,Converted
BULK-RS-E60-134,04-03-345-DY,Yes,Converted
BULK-RS-E60-134,GBO Shelf-SW,Yes,Converted
BULK-RS-E60-243,GBO Shelf-SW,No,Converted
BULK-RS-E60-243,05-15-1522-DY,Yes,Converted
BULK-RS-E60-244,17-29-2927-DY,Yes,Converted
BULK-RS-E60-244,GBO Shelf-SW,Yes,Converted
BULK-RS-E60-26,Receiving-SW,Yes,Converted
BULK-RS-E60-26,18-26-2616-DY,Yes,Converted
BULK-RS-E60-642,08-07-710-DY,Yes,Converted
BULK-RS-E60-642,Receiving-SW,Yes,Converted
BULK-RS-E60-889,D7LGB-SW,Yes,Parent
BULK-RS-E60-889,E8L5A-SW,No,Parent
BULK-RS-E60HT-24,Receiving-SW,Yes,Converted
BULK-RS-E60HT-24,18-26-2619-DY,Yes,Converted
BULK-RS-EN50-20,S1LG-SW,No,Converted
BULK-RS-EN50-20,S3L1-SW,Yes,Converted
BULK-RS-H40-239,E8LGA-SW,No,Parent
BULK-RS-H40-239,C2LGC-SW,Yes,Parent
BULK-RS-H40-24,02-02-225-DY,Yes,Converted
BULK-RS-H40-24,GBO Shelf-SW,Yes,Converted
BULK-RS-H40-637,FREIGHT-DY,Yes,Converted
BULK-RS-H40-637,QC-SW,Yes,Converted
BULK-RS-H40-867,C2L2A-SW,No,Parent
BULK-RS-H40-867,C8LGB-SW,No,Parent
BULK-RS-H40-867,C2L3A-SW,No,Parent
BULK-RS-H40-867,C2L3B-SW,No,Parent
BULK-RS-H40-867,C2L1A-SW,Yes,Parent
BULK-RS-H40-868,C2L1B-SW,Yes,Parent
BULK-RS-H40-868,C2L2B-SW,No,Parent
BULK-RS-H40-869,C2L1C-SW,Yes,Parent
BULK-RS-H40-869,C2L2A-SW,No,Parent
BULK-RS-H40-9,GBO Shelf-SW,Yes,Converted
BULK-RS-H40-9,08-08H-H05-DY,Yes,Converted
BULK-RS-H40-92,GBO Shelf-SW,Yes,Converted
BULK-RS-H40-92,19-25-2522-DY,Yes,Converted
BULK-RS-H50-209,E2LGB-SW,No,Converted
BULK-RS-H50-209,C6L2B-SW,No,Converted
BULK-RS-H50-215,C6L3A-SW,No,Parent
BULK-RS-H50-215,C3L1E-SW,Yes,Parent
BULK-RS-H50-216,C6L2A-SW,No,Parent
BULK-RS-H50-216,C3LGA-SW,Yes,Parent
BULK-RS-H50-217,C3LGB-SW,Yes,Parent
BULK-RS-H50-217,E2LGB-SW,No,Parent
BULK-RS-H50-924,C3L1A-SW,Yes,Parent
BULK-RS-H50-924,H8L1A-SW,No,Parent
BULK-RS-H50-925,C3L1B-SW,Yes,Parent
BULK-RS-H50-925,C7L5A-SW,No,Parent
BULK-RS-H50-926,C3L1C-SW,Yes,Parent
BULK-RS-H50-926,E4L3A-SW,No,Parent
BULK-RS-H50-927,E4L3C-SW,No,Parent
BULK-RS-H50-927,C3L1D-SW,Yes,Parent
BULK-RS-H50-928,E4L3B-SW,No,Parent
BULK-RS-H50-928,C3LGE-SW,Yes,Parent
BULK-RS-H60-108,Receiving-SW,Yes,Converted
BULK-RS-H60-108,02-02F-F18-DY,Yes,Converted
BULK-RS-H60-207,S5L1-SW,No,Converted
BULK-RS-H60-207,GBO Shelf-SW,Yes,Converted
BULK-RS-H60-208,GBO Shelf-SW,Yes,Converted
BULK-RS-H60-208,D6L2B-SW,No,Converted
BULK-RS-H60-235,D3LGB-SW,No,Parent
BULK-RS-H60-235,C4L1D-SW,Yes,Parent
BULK-RS-H60-238,C4LGB-SW,Yes,Parent
BULK-RS-H60-238,C7L2B-SW,No,Parent
BULK-RS-H60-240,C4LGD-SW,Yes,Parent
BULK-RS-H60-240,B3L1B-SW,No,Parent
BULK-RS-H60-241,C4LGE-SW,Yes,Parent
BULK-RS-H60-241,C7L2A-SW,No,Parent
BULK-RS-H60-279,Receiving-SW,Yes,Converted
BULK-RS-H60-279,09-08-816-DY,Yes,Converted
BULK-RS-H60-434,Receiving-SW,Yes,Converted
BULK-RS-H60-434,19-34-3417-DY,Yes,Converted
BULK-RS-H60-861,C5LGB-SW,No,Parent
BULK-RS-H60-861,C4L1A-SW,Yes,Parent
BULK-RS-H60-862,C6L1A-SW,No,Parent
BULK-RS-H60-862,C4L1B-SW,Yes,Parent
BULK-RS-H60FDA-23,GBO Shelf-SW,Yes,Converted
BULK-RS-H60FDA-23,19-26-2624-DY,Yes,Converted
BULK-RS-H60FDA-318,U2L4-SW,Yes,Converted
BULK-RS-H60FDA-318,19-38-3803-DY,Yes,Converted
BULK-RS-H60FDA-342,GBO Shelf-SW,Yes,Converted
BULK-RS-H60FDA-342,03-50-5008-DY,Yes,Converted
BULK-RS-H70-1000,GBO Shelf-SW,Yes,Converted
BULK-RS-H70-1000,26-13-700-DY,Yes,Converted
BULK-RS-H70-214,K6LGC-SW,No,Parent
BULK-RS-H70-214,K6LGA-SW,No,Parent
BULK-RS-H70-214,E6LGA-SW,No,Parent
BULK-RS-H70-214,C6LGB-SW,No,Parent
BULK-RS-H70-214,C5L1D-SW,Yes,Parent
BULK-RS-H70-214,E6LGB-SW,No,Parent
BULK-RS-H70-215,E7L2A-SW,No,Parent
BULK-RS-H70-215,C5L1E-SW,Yes,Parent
BULK-RS-H70-217,C5L1B-SW,No,Parent
BULK-RS-H70-217,E6LGB-SW,No,Parent
BULK-RS-H70-217,C5LGB-SW,Yes,Parent
BULK-RS-H70-218,C7L3B-SW,No,Parent
BULK-RS-H70-218,C5LGC-SW,Yes,Parent
BULK-RS-H70-903,C5L1A-SW,Yes,Parent
BULK-RS-H70-903,C8L4A-SW,No,Parent
BULK-RS-H70-905,C5L3A-SW,No,Parent
BULK-RS-H70-905,C5L1C-SW,Yes,Parent
BULK-RS-H70-906,C5LGD-SW,Yes,Parent
BULK-RS-H70-906,E7L1B-SW,No,Parent
BULK-RS-H70-907,E8LGB-SW,No,Parent
BULK-RS-H70-907,E7LGB-SW,No,Parent
BULK-RS-H70-907,K6LGB-SW,No,Parent
BULK-RS-H70-907,E6LGB-SW,No,Parent
BULK-RS-H70-907,C5LGE-SW,Yes,Parent
BULK-RS-H70-973,GBO Shelf-SW,No,Converted
BULK-RS-H70-973,S3L11-SW,No,Converted
BULK-RS-H80-1,C8L2B-SW,No,Parent
BULK-RS-H80-1,C6L1A-SW,Yes,Parent
BULK-RS-H80-2,C6L1B-SW,Yes,Parent
BULK-RS-H80-2,C8L5B-SW,No,Parent
BULK-RS-H80-3,C6L1C-SW,Yes,Parent
BULK-RS-H80-3,C8L5A-SW,No,Parent
BULK-RS-H80-4,C6L1D-SW,Yes,Parent
BULK-RS-H80-4,C8L5B-SW,No,Parent
BULK-RS-H80-5,C6LGA-SW,Yes,Parent
BULK-RS-H80-5,C8L5A-SW,No,Parent
BULK-RS-H80-6,C6LGB-SW,Yes,Parent
BULK-RS-H80-6,C8L2B-SW,No,Parent
BULK-RS-H80-7,C6LGC-SW,Yes,Parent
BULK-RS-H80-7,C8L2A-SW,No,Parent
BULK-RS-H80-8,C6LGD-SW,Yes,Parent
BULK-RS-H80-8,C6L1B-SW,No,Parent
BULK-RS-H90-1,C7L1A-SW,Yes,Parent
BULK-RS-H90-1,C8L3A-SW,No,Parent
BULK-RS-H90-2,C7L1B-SW,Yes,Parent
BULK-RS-H90-2,C8L1B-SW,No,Parent
BULK-RS-H90-3,C7L1C-SW,Yes,Parent
BULK-RS-H90-3,C8L1A-SW,No,Parent
BULK-RS-H90-4,C7L1D-SW,Yes,Parent
BULK-RS-H90-4,C8L3A-SW,No,Parent
BULK-RS-H90-5,C8L1A-SW,No,Parent
BULK-RS-H90-5,C7LGA-SW,Yes,Parent
BULK-RS-H90-6,C7LGB-SW,Yes,Parent
BULK-RS-H90-6,C8L1B-SW,No,Parent
BULK-RS-H90-7,C7L1B-SW,No,Parent
BULK-RS-H90-7,C7LGC-SW,Yes,Parent
BULK-RS-H90-8,C7L1A-SW,No,Parent
BULK-RS-H90-8,C7LGD-SW,Yes,Parent
BULK-RS-HUS60-206,D4L5A-SW,No,Converted
BULK-RS-HUS60-206,D2L5B-SW,No,Converted
BULK-RS-N30-138,GBO Shelf-SW,Yes,Converted
BULK-RS-N30-138,S3L8-SW,No,Converted
BULK-RS-N30-88,FREIGHT-DY,Yes,Converted
BULK-RS-N30-88,GBO Shelf-SW,Yes,Converted
BULK-RS-N30-92,GBO Shelf-SW,Yes,Converted
BULK-RS-N30-92,U2L8-SW,No,Converted
BULK-RS-N30MIL-4,E4L4A-SW,No,Parent
BULK-RS-N30MIL-4,E4L2B-SW,Yes,Parent
BULK-RS-N40-209,B2L3B-SW,No,Converted
BULK-RS-N40-209,E8L1B-SW,No,Converted
BULK-RS-N40-213,B2L2B-SW,No,Converted
BULK-RS-N40-213,B2L1B-SW,Yes,Converted
BULK-RS-N40-220,B2L2A-SW,No,Parent
BULK-RS-N40-220,B2LGE-SW,Yes,Parent
BULK-RS-N40-647,28-05-500-DY,Yes,Converted
BULK-RS-N40-647,S1L2-SW,Yes,Converted
BULK-RS-N40-860,B2L1A-SW,Yes,Parent
BULK-RS-N40-860,B2L3B-SW,No,Parent
BULK-RS-N40-861,B2L1B-SW,Yes,Parent
BULK-RS-N40-861,B2L3B-SW,No,Parent
BULK-RS-N40-864,Receiving-SW,Yes,Converted
BULK-RS-N40-864,12-12H-H06-DY,Yes,Converted
BULK-RS-N40MIL-15,E4L4B-SW,Yes,Parent
BULK-RS-N40MIL-15,E5L4A-SW,No,Parent
BULK-RS-N40MIL-5,E5L4A-SW,No,Parent
BULK-RS-N40MIL-5,E3L6B-SW,Yes,Parent
BULK-RS-N40MIL-8,E3L2B-SW,Yes,Parent
BULK-RS-N40MIL-8,E5L4A-SW,No,Parent
BULK-RS-N40TXT-5,D3L5A-SW,Yes,Parent
BULK-RS-N40TXT-5,D3L6B-SW,No,Parent
BULK-RS-N50-130,18-24-2411-DY,Yes,Converted
BULK-RS-N50-130,GBO Shelf-SW,Yes,Converted
BULK-RS-N50-164,Receiving-SW,Yes,Converted
BULK-RS-N50-164,03-30-3026-DY,Yes,Converted
BULK-RS-N50-205,K2L1D-SW,No,Converted
BULK-RS-N50-205,D3LGB-SW,No,Converted
BULK-RS-N50-232,B3L1A-SW,Yes,Parent
BULK-RS-N50-232,B3L4A-SW,No,Parent
BULK-RS-N50-232,B3L5B-SW,No,Parent
BULK-RS-N50-234,B3L5A-SW,No,Parent
BULK-RS-N50-234,B3L4B-SW,No,Parent
BULK-RS-N50-234,B3L4A-SW,No,Parent
BULK-RS-N50-234,B3L1C-SW,Yes,Parent
BULK-RS-N50-235,B3L3A-SW,No,Parent
BULK-RS-N50-235,B3L1D-SW,Yes,Parent
BULK-RS-N50-235,B3L6A-SW,No,Parent
BULK-RS-N50-235,B3L3B-SW,No,Parent
BULK-RS-N50-236,B3L6B-SW,No,Parent
BULK-RS-N50-236,B3L6A-SW,No,Parent
BULK-RS-N50-236,B3L1E-SW,Yes,Parent
BULK-RS-N50-237,B3L5B-SW,No,Parent
BULK-RS-N50-237,B3LGA-SW,Yes,Parent
BULK-RS-N50-237,B3L4B-SW,No,Parent
BULK-RS-N50-238,B3L5A-SW,No,Parent
BULK-RS-N50-238,B3LGB-SW,Yes,Parent
BULK-RS-N50-27,GBO Shelf-SW,Yes,Converted
BULK-RS-N50-27,QC-SW,No,Converted
BULK-RS-N50TXT-3,D3L4B-SW,Yes,Parent
BULK-RS-N50TXT-3,D3L6A-SW,No,Parent
BULK-RS-N50TXT-3,D3L6B-SW,No,Parent
BULK-RS-N50TXT-5,D3L4B-SW,Yes,Parent
BULK-RS-N50TXT-5,D3L6A-SW,No,Parent
BULK-RS-N50TXT-6,D3L5B-SW,Yes,Parent
BULK-RS-N50TXT-6,D3L6A-SW,No,Parent
BULK-RS-N60-14,GBO Shelf-SW,Yes,Converted
BULK-RS-N60-14,S4L11-SW,No,Converted
BULK-RS-N60-214,B4L2A-SW,No,Parent
BULK-RS-N60-214,B4L1D-SW,Yes,Parent
BULK-RS-N60-214,B4L2B-SW,No,Parent
BULK-RS-N60-215,B4L2B-SW,No,Parent
BULK-RS-N60-215,B4L1E-SW,Yes,Parent
BULK-RS-N60-215,B4L4B-SW,No,Parent
BULK-RS-N60-215,B4L4A-SW,No,Parent
BULK-RS-N60-923,GBO Shelf-SW,Yes,Converted
BULK-RS-N60-923,06-06F-F26-DY,Yes,Converted
BULK-RS-N60FDA-241,GBO Shelf-SW,Yes,Converted
BULK-RS-N60FDA-241,04-04F-F06-DY,Yes,Converted
BULK-RS-N60FDA-309,E7L5B-SW,No,Parent
BULK-RS-N60FDA-309,C2LGA-SW,Yes,Parent
BULK-RS-N60FDA-310,C2LGA-SW,Yes,Parent
BULK-RS-N60FDA-310,ENDCAP B-SW,No,Parent
BULK-RS-N60TXT-16,17-39-3902-DY,Yes,Converted
BULK-RS-N60TXT-16,Receiving-SW,Yes,Converted
BULK-RS-N60TXT-5,D3L4B-SW,Yes,Parent
BULK-RS-N60TXT-5,D6L6B-SW,No,Parent
BULK-RS-N60TXT-52,01-40-4026-DY,Yes,Converted
BULK-RS-N60TXT-52,Receiving-SW,Yes,Converted
BULK-RS-N70-233,B5L1B-SW,Yes,Converted
BULK-RS-N70-233,B5L5A-SW,No,Converted
BULK-RS-N70-234,B5L1C-SW,Yes,Parent
BULK-RS-N70-234,B5L2B-SW,No,Parent
BULK-RS-N70-234,B5L6A-SW,No,Parent
BULK-RS-N70-235,B5L5A-SW,No,Parent
BULK-RS-N70-235,B5L1D-SW,Yes,Parent
BULK-RS-N70-236,B5L4B-SW,No,Parent
BULK-RS-N70-236,B5L1E-SW,Yes,Parent
BULK-RS-N70-236,B5L2A-SW,No,Parent
BULK-RS-N70-237,B5LGA-SW,Yes,Parent
BULK-RS-N70-237,B5L6A-SW,No,Parent
BULK-RS-N70-237,B5L2A-SW,No,Parent
BULK-RS-N70-237,B4L2A-SW,No,Parent
BULK-RS-N70-238,B5L3B-SW,No,Parent
BULK-RS-N70-238,B5LGB-SW,Yes,Parent
BULK-RS-N70-239,B7L2A-SW,No,Parent
BULK-RS-N70-239,B5L3B-SW,No,Parent
BULK-RS-N70-239,B5L3A-SW,No,Parent
BULK-RS-N70-239,B5LGC-SW,Yes,Parent
BULK-RS-N70-241,B5L2B-SW,No,Parent
BULK-RS-N70-241,B5LGE-SW,Yes,Parent
BULK-RS-N70-861,B5L1B-SW,Yes,Parent
BULK-RS-N70-861,B5L5B-SW,No,Parent
BULK-RS-N70-92,20-20-2013-DY,Yes,Converted
BULK-RS-N70-92,Receiving-SW,Yes,Converted
BULK-RS-N80-2,B6L2A-SW,No,Parent
BULK-RS-N80-2,B6L1B-SW,Yes,Parent
BULK-RS-N80-3,B6L2B-SW,No,Parent
BULK-RS-N80-3,B6L1C-SW,Yes,Parent
BULK-RS-N80-5,B6LGA-SW,Yes,Parent
BULK-RS-N80-5,E7L3B-SW,No,Parent
BULK-RS-N80-7,B6L2A-SW,No,Parent
BULK-RS-N80-7,B6LGC-SW,Yes,Parent
BULK-RS-N90-3,B7L2A-SW,No,Parent
BULK-RS-N90-3,B7L1C-SW,Yes,Parent
BULK-RS-N90-8,B7LGD-SW,Yes,Parent
BULK-RS-N90-8,B7L2B-SW,No,Parent
BULK-RS-NAT40-13,26-10-600-DY,Yes,Converted
BULK-RS-NAT40-13,GBO Shelf-SW,Yes,Converted
BULK-RS-NAT40-236,D3LGA-SW,Yes,Parent
BULK-RS-NAT40-236,E5LGA-SW,No,Parent
BULK-RS-NAT40-24,GBO Shelf-SW,Yes,Converted
BULK-RS-NAT40-24,27-07-700-DY,Yes,Converted
BULK-RS-NAT40-28,09-04-418-DY,Yes,Converted
BULK-RS-NAT40-28,GBO Shelf-SW,Yes,Converted
BULK-RS-NHS30-1,D2L1A-SW,Yes,Parent
BULK-RS-NHS30-1,D2L4A-SW,No,Parent
BULK-RS-NHS30-10,D2L3B-SW,No,Parent
BULK-RS-NHS30-10,D2LGA-SW,Yes,Parent
BULK-RS-NHS30-2,D2L1B-SW,Yes,Parent
BULK-RS-NHS30-2,D2L2A-SW,No,Parent
BULK-RS-NHS30-2,D2L2B-SW,No,Parent
BULK-RS-NHS30-22,U1L1-SW,Yes,Converted
BULK-RS-NHS30-22,19-38-3814-DY,Yes,Converted
BULK-RS-NHS30-28,12-12F-F16-DY,Yes,Converted
BULK-RS-NHS30-28,GBO Shelf-SW,Yes,Converted
BULK-RS-NHS30-3,D2L1C-SW,Yes,Parent
BULK-RS-NHS30-3,D2L5A-SW,No,Parent
BULK-RS-NHS30-4,D2L1D-SW,Yes,Parent
BULK-RS-NHS30-4,B2LGB-SW,No,Parent
BULK-RS-NHS30-4,D2L6B-SW,No,Parent
BULK-RS-NHS30-5,D2L1E-SW,Yes,Parent
BULK-RS-NHS30-5,D2L5B-SW,No,Parent
BULK-RS-NHS30-6,D2L4B-SW,No,Parent
BULK-RS-NHS30-6,D2LGE-SW,Yes,Parent
BULK-RS-NHS30-6,D2L6A-SW,No,Parent
BULK-RS-NHS30-66,FREIGHT-DY,Yes,Converted
BULK-RS-NHS30-66,GBO Shelf-SW,Yes,Converted
BULK-RS-NHS30-7,D2LGD-SW,Yes,Parent
BULK-RS-NHS30-7,D2L3B-SW,No,Parent
BULK-RS-NHS30-7,B2LGA-SW,No,Parent
BULK-RS-NHS30-8,D2LGC-SW,Yes,Parent
BULK-RS-NHS30-8,B4LGA-SW,No,Parent
BULK-RS-NHS30-8,B4LGB-SW,No,Parent
BULK-RS-NHS30-8,D2L3A-SW,No,Parent
BULK-RS-NHS30-9,D2LGB-SW,Yes,Parent
BULK-RS-NHS30-9,D2L3A-SW,No,Parent
BULK-RS-NHS40-202,B7L3A-SW,No,Converted
BULK-RS-NHS40-202,B8L5B-SW,No,Converted
BULK-RS-NHS40-234,B6L5A-SW,No,Parent
BULK-RS-NHS40-234,B7L4B-SW,Yes,Parent
BULK-RS-NHS40-240,K7L3C-SW,No,Parent
BULK-RS-NHS40-240,B6L5B-SW,No,Parent
BULK-RS-NHS40-267,B7L2B-SW,No,Converted
BULK-RS-NHS40-267,B6L4A-SW,No,Converted
BULK-RS-NHS40-346,B6L5B-SW,No,Converted
BULK-RS-NHS40-346,K7L3C-SW,No,Converted
BULK-RS-NHS50-200,B7L5B-SW,No,Converted
BULK-RS-NHS50-200,C4LGB-SW,No,Converted
BULK-RS-NHS50-236,E4LGA-SW,No,Parent
BULK-RS-NHS50-236,C4LGB-SW,Yes,Parent
BULK-RS-NHS50-239,ENDCAP B-SW,No,Parent
BULK-RS-NHS50-239,B6L4B-SW,Yes,Parent
BULK-RS-NHS60-346,D4L3A-SW,No,Converted
BULK-RS-NHS60-346,E2LGA-SW,No,Converted
BULK-RS-NHS70-237,B8L3A-SW,Yes,Parent
BULK-RS-NHS70-237,B7LGB-SW,No,Parent
BULK-RS-NHS70-238,B8L4B-SW,Yes,Parent
BULK-RS-NHS70-238,B7LGB-SW,No,Parent
BULK-RS-NHS70-894,GBO Shelf-SW,Yes,Converted
BULK-RS-NHS70-894,19-38-3808-DY,Yes,Converted
BULK-RS-NUS50-208,C2L3A-SW,No,Converted
BULK-RS-NUS50-208,C2L4B-SW,No,Converted
BULK-RS-NUS50-209,B8LGA-SW,No,Converted
BULK-RS-NUS50-209,C2L2A-SW,No,Converted
BULK-RS-NUS60-237,B8LGB-SW,Yes,Parent
BULK-RS-NUS60-237,B6LGB-SW,No,Parent
BULK-RS-NUS60-269,Receiving-SW,Yes,Converted
BULK-RS-NUS60-269,13-07-707-DY,Yes,Converted
BULK-RS-NUS70-237,B6LGB-SW,No,Parent
BULK-RS-NUS70-237,D7L4A-SW,Yes,Parent
BULK-RS-PVC70-41,S3L1-SW,No,Converted
BULK-RS-PVC70-41,GBO Shelf-SW,Yes,Converted
BULK-RS-PVC70-8,06-06F-F21-DY,Yes,Converted
BULK-RS-PVC70-8,GBO Shelf-SW,Yes,Converted
BULK-RS-RCY60-1,A4LGA-SW,Yes,Parent
BULK-RS-RCY60-1,A4L4A-SW,No,Parent
BULK-RS-RCY60-1,A4L5A-SW,No,Parent
BULK-RS-RCY60-1,A4L5B-SW,No,Parent
BULK-RS-RCY60-2,A4L1B-SW,No,Parent
BULK-RS-RCY60-2,A4LGB-SW,Yes,Parent
BULK-RS-RCY60-2,A4L1A-SW,No,Parent
BULK-RS-RCY60-2,A4L2A-SW,No,Parent
BULK-RS-RCY60-2,A4L2B-SW,No,Parent
BULK-RS-RCY60-2,A4L3B-SW,No,Parent
BULK-RS-RCY60-3,A4L3A-SW,No,Parent
BULK-RS-RCY60-3,A4LGC-SW,Yes,Parent
BULK-RS-RCY60-4,A4LGD-SW,Yes,Parent
BULK-RS-RCY60-4,A6LGA-SW,No,Parent
BULK-RS-RCY60-5,A4LGE-SW,Yes,Parent
BULK-RS-RCY60-5,A6LGB-SW,No,Parent
BULK-RS-RCY60-5,A6LGA-SW,No,Parent
BULK-RS-RCY60-7,Receiving-SW,Yes,Converted
BULK-RS-RCY60-7,25-04-800-DY,Yes,Converted
BULK-RS-RSBR60-103,GBO Shelf-SW,Yes,Converted
BULK-RS-RSBR60-103,18-18D-D19-DY,Yes,Converted
BULK-RS-S30-19,U1LG-SW,No,Converted
BULK-RS-S30-19,09-41-4117-DY,Yes,Converted
BULK-RS-S30-28,GBO Shelf-SW,Yes,Converted
BULK-RS-S30-28,11-42-4210-DY,Yes,Converted
BULK-RS-S30-67,Receiving-SW,Yes,Converted
BULK-RS-S30-67,11-40-4007-DY,Yes,Converted
BULK-RS-S40-173,03-30-3035-DY,Yes,Converted
BULK-RS-S40-173,Receiving-SW,Yes,Converted
BULK-RS-S40-232,K4L4A-SW,Yes,Parent
BULK-RS-S40-232,F5LGB-SW,No,Parent
BULK-RS-S40-235,H7L4A-SW,No,Parent
BULK-RS-S40-235,K4L4A-SW,Yes,Parent
BULK-RS-S40-237,A3L2B-SW,Yes,Parent
BULK-RS-S40-237,K3L6B-SW,No,Parent
BULK-RS-S40-24,GBO Shelf-SW,Yes,Converted
BULK-RS-S40-24,03-24-2412-DY,Yes,Converted
BULK-RS-S40-615,U3L3-SW,Yes,Converted
BULK-RS-S40-615,X1L5-SW,No,Converted
BULK-RS-S40-9,Receiving-SW,Yes,Converted
BULK-RS-S40-9,10-16-1623-DY,Yes,Converted
BULK-RS-S40WFDA-109,C4L4A-SW,No,Converted
BULK-RS-S40WFDA-109,C4L3A-SW,No,Converted
BULK-RS-S40WFDA-116,C4L4A-SW,No,Converted
BULK-RS-S40WFDA-116,C4L3A-SW,No,Converted
BULK-RS-S50FDA-160,04-31-3133-DY,No,Converted
BULK-RS-S50FDA-160,17-41-4119-DY,Yes,Converted
BULK-RS-S50FDA-160,Receiving-SW,Yes,Converted
BULK-RS-S50FDA-24,09-02-224-DY,Yes,Converted
BULK-RS-S50FDA-24,GBO Shelf-SW,Yes,Converted
BULK-RS-S50FDA-263,B5LGB-SW,No,Parent
BULK-RS-S50FDA-263,K3L1B-SW,Yes,Parent
BULK-RS-S50FDA-52,19-37-3718-DY,Yes,Converted
BULK-RS-S50FDA-52,X1L1-SW,Yes,Converted
BULK-RS-S50WFDA-115,K6L5B-SW,No,Converted
BULK-RS-S50WFDA-115,C3L3A-SW,No,Converted
BULK-RS-S50WFDA-117,C4L1B-SW,No,Converted
BULK-RS-S50WFDA-117,C3L5A-SW,No,Converted
BULK-RS-S50WFDA-118,C3L5A-SW,No,Converted
BULK-RS-S50WFDA-118,C4L1A-SW,No,Converted
BULK-RS-S60-10,GBO Shelf-SW,Yes,Converted
BULK-RS-S60-10,03-24-2414-DY,Yes,Converted
BULK-RS-S60-198,X2L3-SW,No,Converted
BULK-RS-S60-198,01-28-2814-DY,Yes,Converted
BULK-RS-S60-234,K4L5C-SW,No,Parent
BULK-RS-S60-234,K4L5B-SW,Yes,Parent
BULK-RS-S60-235,K4L6A-SW,Yes,Parent
BULK-RS-S60-235,K4L1C-SW,No,Parent
BULK-RS-S60-794,06-06D-D18-DY,Yes,Converted
BULK-RS-S60-794,GBO Shelf-SW,Yes,Converted
BULK-RS-S70-29,04-03-356-DY,Yes,Converted
BULK-RS-S70-29,GBO Shelf-SW,Yes,Converted
BULK-RS-SBR75-127,H6L6A-SW,No,Parent
BULK-RS-SBR75-127,E8L4B-SW,Yes,Parent
BULK-RS-SBR75-176,S3L11-SW,No,Converted
BULK-RS-SBR75-176,GBO Shelf-SW,Yes,Converted
BULK-RS-SFR70-48,Receiving-SW,Yes,Converted
BULK-RS-SFR70-48,07-16-1664-DY,Yes,Converted
BULK-RS-V75-11,17-39-3905-DY,Yes,Converted
BULK-RS-V75-11,Receiving-SW,Yes,Converted
BULK-RS-V75-302,Receiving-SW,Yes,Converted
BULK-RS-V75-302,09-04-412-DY,Yes,Converted
BULK-RS-V75-435,10-10E-E23-DY,Yes,Converted
BULK-RS-V75-435,Receiving-SW,Yes,Converted
BULK-RS-V75-454,Receiving-SW,Yes,Converted
BULK-RS-V75-454,15-39-3922-DY,Yes,Converted
BULK-TRIPD-2,FREIGHT-DY,Yes,Converted
BULK-TRIPD-2,P2L5-SW,Yes,Converted
PS-ABSB-112,Receiving-SW,Yes,Converted
PS-ABSB-112,17-40-4007-DY,Yes,Converted
PS-NYLB-153,S11L7-SW,Yes,Converted
PS-NYLB-153,07-40-4030-DY,No,Converted
PS-NYLB-93,U4L10-SW,Yes,Converted
PS-NYLB-93,02-12-1206-DY,No,Converted
PS-UHMW-ESD-126,S12L5-SW,Yes,Converted
PS-UHMW-ESD-126,S12L11-SW,No,Converted
PS-UHMW-ESD-215,W2L2-SW,Yes,Converted
PS-UHMW-ESD-215,17-01-116-DY,Yes,Converted
ZBRCKT-10,Front Rack-DY,No,Pass Through
ZBRCKT-10,FREIGHT DESK-SW,Yes,Pass Through
ZBRCKT-13,Front Rack-DY,Yes,Pass Through
ZBRCKT-13,FREIGHT DESK-SW,No,Pass Through
ZBRCKT-14,FREIGHT DESK-SW,No,Pass Through
ZBRCKT-14,Front Rack-DY,Yes,Pass Through
ZBRCKT-15,Front Rack-DY,Yes,Pass Through
ZBRCKT-15,FREIGHT DESK-SW,No,Pass Through
ZBRCKT-9.1,MIP-SW,No,Parent
ZBRCKT-9.1,RECEIVING DESK-DY,Yes,Parent
ZCUS-10897-14,CC2L5-SW,No,Converted
ZCUS-10897-14,M4LG-SW,No,Converted
ZCUS-113998-5b,FREIGHT-SW,No,Converted
ZCUS-113998-5b,WATERJET-SW,No,Converted
ZCUS-11575-5,A7L4A-SW,Yes,Pass Through
ZCUS-11575-5,A7L4B-SW,No,Pass Through
ZCUS-13246-1,STAGING-SW,No,Converted
ZCUS-13246-1,M7L2A-SW,No,Converted
ZCUS-15069-1,Receiving-DY,Yes,Pass Through
ZCUS-15069-1,FREIGHT-SW,Yes,Pass Through
ZLEG-6,TRAILER 7-SW,No,Converted
ZLEG-6,TRAILER 6-SW,Yes,Converted
ZLEG-6,FINISHING-SW,No,Converted
ZTRIM-61,25-09-600-DY,Yes,Parent
ZTRIM-61,25-10-400-DY,No,Parent
ZUSA-CBPSR-237,QC-SW,Yes,Converted
ZUSA-CBPSR-237,FREIGHT-DY,Yes,Converted
ZUSA-CESR-8,I2LGA-SW,Yes,Parent
ZUSA-CESR-8,K10L5-SW,No,Parent
ZUSA-EVA-28,DD5L5-SW,Yes,Parent
ZUSA-EVA-28,I4L6-SW,No,Parent
ZUSA-EVA-29,DD1L6-SW,Yes,Parent
ZUSA-EVA-29,FREIGHT-DY,Yes,Parent
ZUSA-EVA-34,Receiving-SW,Yes,Converted
ZUSA-EVA-34,03-32-3225-DY,Yes,Converted
ZUSA-EVA-5,Receiving-SW,Yes,Converted
ZUSA-EVA-5,03-23-2329-DY,Yes,Converted
ZUSA-FRS-16,15-41-4105-DY,Yes,Converted
ZUSA-FRS-16,Receiving-SW,Yes,Converted
ZUSA-FRS-HTPSA-22,19-14-1416-DY,Yes,Converted
ZUSA-FRS-HTPSA-22,Receiving-SW,Yes,Converted
ZUSA-HT-1109,26-12-500-DY,Yes,Parent
ZUSA-HT-1109,R17-P2-DY,No,Parent
ZUSA-HT-111,24-08-800-DY,No,Converted
ZUSA-HT-111,24-08-900-DY,Yes,Converted
ZUSA-HT-22,04-21-2118-DY,No,Converted
ZUSA-HT-22,25-09-300-DY,Yes,Converted
ZUSA-HT-2229,25-08-900-DY,No,Converted
ZUSA-HT-2229,R6-P5-DY,Yes,Converted
ZUSA-HT-2230,24-06-600-DY,Yes,Converted
ZUSA-HT-2230,24-01-100-DY,No,Converted
ZUSA-HT-2681,25-09-400-DY,Yes,Converted
ZUSA-HT-2681,25-09-900-DY,No,Converted
ZUSA-HT-2831,25-07-200-DY,Yes,Parent
ZUSA-HT-2831,24-09-200-DY,No,Parent
ZUSA-HT-29,24-08-200-DY,Yes,Converted
ZUSA-HT-29,24-08-100-DY,No,Converted
ZUSA-HT-2938,26-11-800-DY,No,Parent
ZUSA-HT-2938,27-05-800-DY,Yes,Parent
ZUSA-HT-2957,25-12-900-DY,No,Converted
ZUSA-HT-2957,25-12-800-DY,No,Converted
ZUSA-HT-2957,25-10-900-DY,Yes,Converted
ZUSA-HT-2962,H&T Prod Area -DY,Yes,Converted
ZUSA-HT-2962,25-12-800-DY,No,Converted
ZUSA-HT-3137,28-05-800-DY,Yes,Converted
ZUSA-HT-3137,27-11-100-DY,No,Converted
ZUSA-HT-3138,25-13-900-DY,No,Converted
ZUSA-HT-3138,24-03-900-DY,Yes,Converted
ZUSA-HT-3236,25-12-200-DY,Yes,Converted
ZUSA-HT-3236,26-06-200-DY,No,Converted
ZUSA-HT-3380,24-07-700-DY,No,Converted
ZUSA-HT-3380,26-08-600-DY,Yes,Converted
ZUSA-HT-3584,24-14-300-DY,Yes,Converted
ZUSA-HT-3584,24-14-200-DY,No,Converted
ZUSA-HT-3867,25-12-100-DY,No,Parent
ZUSA-HT-3867,25-10-100-DY,Yes,Parent
ZUSA-HT-3888,25-07-100-DY,Yes,Parent
ZUSA-HT-3888,24-09-100-DY,No,Parent
ZUSA-HT-4035,BW-R8-P1-DY,No,Parent
ZUSA-HT-4035,BW-R8-P2-DY,Yes,Parent
ZUSA-HT-4052,23-14-900-DY,Yes,Converted
ZUSA-HT-4052,24-04-900-DY,No,Converted
ZUSA-HT-4063,BW-R6-P2-DY,No,Parent
ZUSA-HT-4063,BW-R6-P1-DY,Yes,Parent
ZUSA-HT-4066,23-12-400-DY,No,Converted
ZUSA-HT-4066,24-06-400-DY,Yes,Converted
ZUSA-HT-4104,25-16-100-DY,Yes,Parent
ZUSA-HT-4104,25-16-200-DY,No,Parent
ZUSA-HT-4206,26-10-900-DY,Yes,Parent
ZUSA-HT-4206,25-08-900-DY,No,Parent
ZUSA-HT-4346,R8-P3-DY,No,Parent
ZUSA-HT-4346,R8-P4-DY,Yes,Parent
ZUSA-HT-4347,Side-R2-P2-DY,No,Parent
ZUSA-HT-4347,Side-R2-P3-DY,Yes,Parent
ZUSA-HT-4348,Side-R4-P4-DY,Yes,Parent
ZUSA-HT-4348,Side-R3-P4-DY,No,Parent
ZUSA-HT-4348,Side-R4-P5-DY,No,Parent
ZUSA-HT-4408,Side-R1-P3-DY,Yes,Parent
ZUSA-HT-4408,Side-R1-P2-DY,No,Parent
ZUSA-HT-4780,24-11-700-DY,No,Parent
ZUSA-HT-4780,25-05-700-DY,Yes,Parent
ZUSA-HT-4936,25-01-600-DY,No,Parent
ZUSA-HT-4936,24-15-600-DY,No,Parent
ZUSA-HT-4936,25-01-700-DY,Yes,Parent
ZUSA-HT-4937,25-03-200-DY,No,Parent
ZUSA-HT-4937,24-13-200-DY,Yes,Parent
ZUSA-HT-522,BW-R9-P2-DY,Yes,Parent
ZUSA-HT-522,BW-R9-P3-DY,No,Parent
ZUSA-HT-59,25-10-400-DY,Yes,Converted
ZUSA-HT-59,18-18A-A04-DY,No,Converted
ZUSA-HT-757,23-14-600-DY,Yes,Converted
ZUSA-HT-757,16-16A-A07-DY,No,Converted
ZUSA-MCP-1,Receiving-SW,Yes,Converted
ZUSA-MCP-1,19-09-915-DY,Yes,Converted
ZUSA-MCP-18,18-27-2711-DY,Yes,Converted
ZUSA-MCP-18,GBO Shelf-SW,Yes,Converted
ZUSA-MCP-31,F7L4B-SW,Yes,Parent
ZUSA-MCP-31,I2LGB-SW,No,Parent
ZUSA-MCP-43,28-07-600-DY,Yes,Converted
ZUSA-MCP-43,S1L6-SW,Yes,Converted
ZUSA-MCP-8,Receiving-SW,Yes,Converted
ZUSA-MCP-8,01-30-3023-DY,Yes,Converted
ZUSA-PF-10644,H&T Table-F-DY,Yes,Converted
ZUSA-PF-10644,Receiving-DY,No,Converted
ZUSA-PF-1205,S10L8-SW,No,Parent
ZUSA-PF-1205,M3LG-SW,Yes,Parent
ZUSA-PF-1345,05-20-2012-DY,No,Converted
ZUSA-PF-1345,H&T Table-F-DY,Yes,Converted
ZUSA-PF-1598,S9L7-SW,Yes,Converted
ZUSA-PF-1598,G4L1A-SW,No,Converted
ZUSA-PF-1654,S10L9-SW,No,Converted
ZUSA-PF-1654,S10L1-SW,Yes,Converted
ZUSA-PF-2918,S10L9-SW,Yes,Converted
ZUSA-PF-2918,H&T Table L-DY,Yes,Converted
ZUSA-PF-334,04-04-423-DY,No,Converted
ZUSA-PF-334,H&T Table-E-DY,Yes,Converted
ZUSA-PF-346,H&T Table G-DY,Yes,Converted
ZUSA-PF-346,02-01-139-DY,No,Converted
ZUSA-PF-3531,21-03-600-DY,Yes,Parent
ZUSA-PF-3531,Receiving-SW,Yes,Parent
ZUSA-PF-3775,08-19-1912-DY,No,Converted
ZUSA-PF-3775,H&T Table L-DY,Yes,Converted
ZUSA-PF-4294,01-40-4003-DY,No,Converted
ZUSA-PF-4294,H&T Table H-DY,Yes,Converted
ZUSA-PF-434,06-01-110-DY,No,Converted
ZUSA-PF-434,H&T Table J-DY,Yes,Converted
ZUSA-PF-5218,08-22-2225-DY,No,Converted
ZUSA-PF-5218,H&T Table P-DY,Yes,Converted
ZUSA-PF-5870,22-09-800-DY,No,Parent
ZUSA-PF-5870,22-09-900-DY,Yes,Parent
ZUSA-PF-5871,22-09-900-DY,Yes,Parent
ZUSA-PF-5871,22-09-800-DY,No,Parent
ZUSA-PU-11,U3L11-SW,No,Converted
ZUSA-PU-11,U2L7-SW,Yes,Converted
ZUSA-PU-82,03-50-5019-DY,Yes,Converted
ZUSA-PU-82,GBO Shelf-SW,Yes,Converted
ZUSA-PU-95,BB1L1-SW,Yes,Converted
ZUSA-PU-95,14-03-312-DY,Yes,Converted
ZUSA-RC-1816,Receiving-SW,Yes,Converted
ZUSA-RC-1816,06-06H-H11-DY,Yes,Converted
ZUSA-RC-342,25-01-600-DY,Yes,Parent
ZUSA-RC-342,24-15-600-DY,No,Parent
ZUSA-RC-356,23-18-500-DY,Yes,Parent
ZUSA-RC-356,22-16-900-DY,No,Parent
ZUSA-RC-368,22-16-900-DY,Yes,Parent
ZUSA-RC-368,25-01-700-DY,No,Parent
ZUSA-RC-369,23-01-900-DY,Yes,Parent
ZUSA-RC-369,22-14-900-DY,No,Parent
ZUSA-RES-135,24-16-700-DY,No,Parent
ZUSA-RES-135,24-16-800-DY,Yes,Parent
ZUSA-RES-140,23-02-700-DY,No,Parent
ZUSA-RES-140,23-02-800-DY,Yes,Parent
ZUSA-RES-165,23-02-900-DY,Yes,Parent
ZUSA-RES-165,24-16-900-DY,No,Parent
ZUSA-RES-45,24-10-800-DY,Yes,Parent
ZUSA-RES-45,24-10-700-DY,No,Parent
ZUSA-RES-95,24-14-600-DY,Yes,Parent
ZUSA-RES-95,24-12-700-DY,No,Parent
ZUSA-STF-BW-71,23-11-700-DY,No,Pass Through
ZUSA-STF-BW-71,06-14-1431-DY,Yes,Pass Through
ZUSA-STF-BW-91,06-09-950-DY,No,Pass Through
ZUSA-STF-BW-91,23-11-700-DY,Yes,Pass Through
ZUSA-XPE-1,BB1L4B-SW,Yes,Parent
ZUSA-XPE-1,BB2L4A-SW,No,Parent
ZUSA-XPE-100,S3L10-SW,No,Converted
ZUSA-XPE-100,GBO Shelf-SW,Yes,Converted
ZUSA-XPE-157,CC3L10-SW,No,Converted
ZUSA-XPE-157,S2LG-SW,Yes,Converted
ZUSA-XPE-160,GBO Shelf-SW,Yes,Converted
ZUSA-XPE-160,QC-SW,No,Converted
ZUSA-XPE-2,BB3L4A-SW,Yes,Parent
ZUSA-XPE-2,FREIGHT-DY,Yes,Parent
ZUSA-XPE-3,BB2L4A-SW,Yes,Parent
ZUSA-XPE-3,BB1L4A-SW,No,Parent
ZUSA-XPE-34,QC-SW,No,Converted
ZUSA-XPE-34,GBO Shelf-SW,Yes,Converted
ZUSA-XPE-40,S2LG-SW,No,Converted
ZUSA-XPE-40,CC2L10-SW,Yes,Converted
ZUSA-XPE-43,17-40-4019-DY,Yes,Converted
ZUSA-XPE-43,FREIGHT-SW,Yes,Converted
ZUSA-XPE-43,Receiving-SW,No,Converted
ZUSA-XPE-85,S2LG-SW,No,Converted
ZUSA-XPE-85,GBO Shelf-SW,Yes,Converted
ZUSABSR-217,F6L2A-SW,No,Converted
ZUSABSR-217,F6L2B-SW,Yes,Converted
ZUSABSR-222,G4L4B-SW,No,Parent
ZUSABSR-222,F5L3B-SW,Yes,Parent
ZUSABSR-223,F6L2B-SW,No,Parent
ZUSABSR-223,F6L2A-SW,Yes,Parent
ZUSABSR-S-112,H6L4B-SW,Yes,Parent
ZUSABSR-S-112,H6L4A-SW,No,Parent
ZUSABSR-S-115,G7L1B-SW,No,Parent
ZUSABSR-S-115,G7L1A-SW,Yes,Parent
ZUSAESR-223,G2L4A-SW,Yes,Converted
ZUSAESR-223,G2L4B-SW,No,Converted
ZUSAESR-224,G2L2B-SW,No,Converted
ZUSAESR-224,G2L2A-SW,Yes,Converted
ZUSAESR-231,G1L6A-SW,No,Parent
ZUSAESR-231,G2L6A-SW,Yes,Parent
ZUSAESR-232,G1L6B-SW,No,Parent
ZUSAESR-232,G2L4A-SW,Yes,Parent
ZUSAESR-232,G2L4B-SW,No,Parent
ZUSAESR-233,G2L2B-SW,No,Parent
ZUSAESR-233,G2L2A-SW,Yes,Parent
ZUSAESR-233,G1L6B-SW,No,Parent
ZUSAESR-234,G2L6B-SW,No,Parent
ZUSAESR-234,G2LGA-SW,Yes,Parent
ZUSAESR-261,U1L7-SW,No,Converted
ZUSAESR-261,U1L6-SW,Yes,Converted
ZUSAESR-47,17-31-3121-DY,Yes,Converted
ZUSAESR-47,GBO Shelf-SW,Yes,Converted
ZUSAESR-S-10,F3L5B-SW,No,Converted
ZUSAESR-S-10,F3L5A-SW,Yes,Converted
ZUSAESR-S-11,F2L2B-SW,Yes,Converted
ZUSAESR-S-11,F5L5B-SW,No,Converted
ZUSAESR-S-17,H3L6-SW,No,Converted
ZUSAESR-S-17,F2L2B-SW,Yes,Converted
ZUSAESR-S-17,F2L2A-SW,No,Converted
ZUSAESR-S-38,20-12-1222-DY,Yes,Converted
ZUSAESR-S-38,Receiving-SW,Yes,Converted
ZUSAESR-S-4,F3L6A-SW,Yes,Parent
ZUSAESR-S-4,F3L5B-SW,No,Parent
ZUSAESR-S-5,H3L6-SW,Yes,Parent
ZUSAESR-S-5,F2L2B-SW,No,Parent
ZUSAESR-S-6,G3L1B-SW,Yes,Parent
ZUSAESR-S-6,G3LGA-SW,No,Parent
ZUSAH70011,ENDCAP 37-DY,No,Pass Through
ZUSAH70011,23-08-100-DY,Yes,Pass Through
ZUSAH70012,23-15-400-DY,Yes,Pass Through
ZUSAH70012,ENDCAP 50-DY,No,Pass Through
ZUSAH70210,23-13-700-DY,Yes,Pass Through
ZUSAH70210,23-15-600-DY,No,Pass Through
ZUSAH70327,23-15-100-DY,Yes,Pass Through
ZUSAH70327,ENDCAP 35-DY,No,Pass Through
ZUSAH70330,23-13-400-DY,No,Pass Through
ZUSAH70330,23-13-300-DY,Yes,Pass Through
ZUSAH70331,23-12-200-DY,Yes,Pass Through
ZUSAH70331,23-12-100-DY,No,Pass Through
ZUSAH70345,17-15-1513-DY,No,Pass Through
ZUSAH70345,23-13-100-DY,Yes,Pass Through
ZUSANSR-112,18-24-2421-DY,Yes,Converted
ZUSANSR-112,T7L2-SW,Yes,Converted
ZUSANSR-272,03-34-3416-DY,Yes,Converted
ZUSANSR-272,Receiving-SW,Yes,Converted
ZUSANSR-310,04-04G-G21-DY,Yes,Converted
ZUSANSR-310,GBO Shelf-SW,Yes,Converted
ZUSANSR-317,F3L5A-SW,No,Converted
ZUSANSR-317,F3L5B-SW,Yes,Converted
ZUSANSR-317,F4L5B-SW,No,Converted
ZUSANSR-318,F4L1B-SW,No,Converted
ZUSANSR-318,F4L1A-SW,Yes,Converted
ZUSANSR-320,H5L6B-SW,Yes,Parent
ZUSANSR-320,F5L4B-SW,No,Parent
ZUSANSR-321,G4L1A-SW,Yes,Parent
ZUSANSR-321,F3LGB-SW,No,Parent
ZUSANSR-321,G4LGA-SW,No,Parent
ZUSANSR-322,G8L2B-SW,No,Parent
ZUSANSR-322,E2L5-SW,Yes,Parent
ZUSANSR-323,F4L5B-SW,Yes,Parent
ZUSANSR-323,H3LGA-SW,No,Parent
ZUSANSR-323,F5L1A-SW,No,Parent
ZUSANSR-324,F5L2B-SW,No,Parent
ZUSANSR-324,F5L1B-SW,Yes,Parent
ZUSANSR-332,20-27-2722-DY,No,Converted
ZUSANSR-332,20-28-2834-DY,Yes,Converted
ZUSANSR-336,FREIGHT-DY,Yes,Converted
ZUSANSR-336,U2L7-SW,Yes,Converted
ZUSANSR-433,S2L9-SW,No,Converted
ZUSANSR-433,U1L8-SW,Yes,Converted
ZUSANSR-44,26-11-200-DY,Yes,Converted
ZUSANSR-44,05-30-3019-DY,No,Converted
ZUSANSR-49,26-11-300-DY,No,Converted
ZUSANSR-49,16-32-3209-DY,Yes,Converted
ZUSANSR-49,26-11-400-DY,No,Converted
ZUSANSR-52,01-20-2025-DY,No,Converted
ZUSANSR-52,23-18-100-DY,Yes,Converted
ZUSANSR-64,ENDCAP 32-DY,Yes,Converted
ZUSANSR-64,23-09-200-DY,No,Converted
ZUSANSR-71,25-08-300-DY,Yes,Converted
ZUSANSR-71,25-08-400-DY,No,Converted
ZUSANSR-F-105,G5L1A-SW,Yes,Converted
ZUSANSR-F-105,F8L5B-SW,No,Converted
ZUSANSR-F-114,F3L2B-SW,Yes,Parent
ZUSANSR-F-114,H2L6-SW,No,Parent
ZUSANSR-F-115,H4L5-SW,Yes,Parent
ZUSANSR-F-115,F8L6-SW,No,Parent
ZUSANSR-F-216,FREIGHT-DY,Yes,Converted
ZUSANSR-F-216,X1L1-SW,Yes,Converted
ZUSANSR-F-9,Receiving-SW,Yes,Converted
ZUSANSR-F-9,03-26-2621-DY,Yes,Converted
ZUSANSR-FR-105,F5L2B-SW,Yes,Converted
ZUSANSR-FR-105,F5L2A-SW,No,Converted
ZUSANSR-FR-113,G3L3B-SW,Yes,Parent
ZUSANSR-FR-113,G3L3A-SW,No,Parent
ZUSANSR-FR-114,G8L3A-SW,Yes,Parent
ZUSANSR-FR-114,G8L3B-SW,No,Parent
ZUSANSR-FR-115,G1L4-SW,Yes,Parent
ZUSANSR-FR-115,G1L5B-SW,No,Parent
ZUSANSR-FR-261,G1L2B-SW,Yes,Parent
ZUSANSR-FR-261,G1L2A-SW,No,Parent
ZUSANSR-FR-262,G3L3B-SW,No,Parent
ZUSANSR-FR-262,G3L4A-SW,No,Parent
ZUSANSR-FR-262,G3L4B-SW,Yes,Parent
ZUSANSR-FR-263,F7L1B-SW,Yes,Parent
ZUSANSR-FR-263,F7L1A-SW,No,Parent
ZUSASSR-15,F8L2B-SW,Yes,Converted
ZUSASSR-15,F8L2A-SW,No,Converted
ZUSASSR-21,F8L2B-SW,Yes,Parent
ZUSASSR-21,F8L2A-SW,No,Parent
ZUSASSR-B-105,Receiving-SW,Yes,Converted
ZUSASSR-B-105,07-28-2815-DY,Yes,Converted
ZUSASSR-B-203,F5L6A-SW,No,Parent
ZUSASSR-B-203,H5L4C-SW,Yes,Parent
ZUSASSR-B-25,Receiving-SW,Yes,Converted
ZUSASSR-B-25,16-16H-H01-DY,Yes,Converted
